"subjects","visits","observations","coefficients","covariance_parameters","before_seconds","after_seconds","speedup","max_covariance_error","standardized_covariance_error","max_relative_se_error","max_df_error","max_scale_error","max_coefficient_table_error","max_log_p_error","scenario","before_summary_seconds","after_summary_seconds","before_fit_cpu_seconds","after_fit_cpu_seconds","before_repetitions","after_repetitions","before_fit_and_summary","after_fit_and_summary","fit_and_summary_speedup","before_rank1_seconds","after_rank1_seconds","before_rank2_seconds","after_rank2_seconds","before_rank3_seconds","after_rank3_seconds","before_fullrank_seconds","after_fullrank_seconds"
300,15,3798,45,120,83.12,5.274,15.7603337125521,6.90419943438769e-16,4.34714256831307e-14,2.17603712826531e-14,7.21911419532262e-12,2.22044604925031e-16,1.22213350550737e-11,3.05533376376843e-13,"300-15",44.581,0.0549999999999997,82.05,5.256,1,3,127.701,5.329,23.9634077688122,0.978000000000009,0.00199999999999534,0.962999999999994,0.00200000000000244,0.972999999999985,0.00199999999999534,0.957999999999998,0.0290000000000035
300,18,4244,54,171,238.56,10.058,23.7184330880891,3.05311331771918e-15,1.9026432124461e-13,9.51461132103759e-14,1.09139364212751e-11,2.33146835171283e-15,1.40971678774804e-11,5.75539615965681e-13,"300-18",160.599,0.105000000000004,235.749,9.954,1,3,399.159,10.163,39.2757059923251,2.92399999999998,0.00199999999999534,2.92899999999997,0.00399999999999068,3.03399999999999,0.00400000000000489,3.01999999999998,0.0739999999999981
900,18,12679,54,171,686.799,26.66,25.7614028507127,8.2572837456496e-16,3.51921077861564e-14,1.765254609154e-14,9.74296199274249e-11,7.7715611723761e-16,1.43472789204679e-10,1.03739239420975e-12,"900-18",164.903,0.105000000000018,678.479,26.473,1,3,851.702,26.765,31.8214832804035,2.89400000000012,0.00199999999998113,2.92800000000011,0.00300000000001432,2.96199999999999,0.0029999999999859,2.904,0.070999999999998
197,4,800,9,10,0.061999999999955,0.0360000000000014,1.72222222222091,9.76996261670138e-15,3.9781821752241e-15,1.99840144432528e-15,8.46966941026039e-12,4.44089209850063e-16,4.54747350886464e-12,2.55795384873636e-12,"complete_ungrouped_unweighted",0.0179999999999723,0.0029999999999859,0.0610000000000026,0.0360000000000014,1,1,0.0799999999999272,0.0389999999999873,2.05128205128086,0.00200000000000955,0,0.00200000000000955,0,0.00199999999995271,0,0.0029999999999859,0
197,4,800,9,10,0.0690000000000168,0.0480000000000018,1.4375000000003,6.21724893790088e-15,3.04915957957836e-15,1.55431223447522e-15,1.64845914696343e-11,1.4432899320127e-15,4.06430444854777e-12,2.37037056649569e-11,"complete_ungrouped_weighted",0.0180000000000291,0.00300000000001432,0.068999999999984,0.0480000000000018,1,1,0.0870000000000459,0.0510000000000161,1.70588235294154,0.00200000000000955,0,0.00200000000000955,0.00100000000000477,0.00300000000004275,0.00100000000000477,0.00200000000000955,0.00100000000000477
197,4,800,9,20,0.0629999999999882,0.0399999999999636,1.57500000000114,2.70894418008538e-14,1.12863506339287e-14,5.32907051820075e-15,9.77706804405898e-12,8.88178419700125e-16,3.24007487506606e-12,1.3926637620898e-11,"complete_grouped_unweighted",0.0639999999999645,0.0029999999999859,0.0629999999999882,0.039999999999992,1,1,0.126999999999953,0.0429999999999495,2.95348837209539,0.007000000000005,0,0.007000000000005,0,0.007000000000005,0,0.007000000000005,0
197,4,800,9,20,0.0769999999999982,0.0519999999999641,1.48076923077022,2.08721928629529e-14,7.67583537089972e-15,3.77475828372553e-15,3.46744855050929e-12,2.22044604925031e-16,4.51905179943424e-12,1.81898940354586e-12,"complete_grouped_weighted",0.0649999999999977,0.00300000000004275,0.0769999999999982,0.0509999999999877,1,1,0.141999999999996,0.0550000000000068,2.58181818181779,0.007000000000005,0,0.00799999999998136,0,0.007000000000005,0,0.007000000000005,0
178,4,500,9,10,0.0409999999999968,0.0249999999999773,1.64000000000136,8.88178419700125e-15,2.83812615627789e-15,1.33226762955019e-15,1.94262383956811e-11,4.9960036108132e-15,3.41060513164848e-12,3.05817593471147e-11,"monotone_ungrouped_unweighted",0.0180000000000291,0.0029999999999859,0.0409999999999968,0.0250000000000057,1,1,0.0590000000000259,0.0279999999999632,2.10714285714655,0.0029999999999859,0.0010000000000332,0.00200000000000955,0,0.00199999999995271,0.000999999999976353,0.00200000000000955,0
178,4,500,9,10,0.0470000000000255,0.0319999999999823,1.46875000000161,1.77635683940025e-14,5.0082718491545e-15,2.44249065417534e-15,5.38591393706156e-12,2.55351295663786e-15,1.62003743753303e-12,9.32232069317251e-12,"monotone_ungrouped_weighted",0.0179999999999723,0.0040000000000191,0.0469999999999686,0.0279999999999867,1,1,0.0649999999999977,0.0360000000000014,1.80555555555542,0.00200000000000955,0,0.00300000000004275,0.000999999999976353,0.00200000000000955,0.0010000000000332,0.00200000000000955,0.000999999999976353
178,4,500,9,20,0.0480000000000018,0.0299999999999727,1.60000000000152,2.1316282072803e-14,6.42469202219992e-15,2.88657986402541e-15,9.37916411203332e-13,2.22044604925031e-16,2.35900188272353e-12,9.9475983006414e-12,"monotone_grouped_unweighted",0.0649999999999977,0.0040000000000191,0.0480000000000018,0.031000000000001,1,1,0.113,0.0339999999999918,3.32352941176549,0.007000000000005,0.000999999999976353,0.00799999999998136,0,0.007000000000005,0,0.007000000000005,0
178,4,500,9,20,0.0589999999999691,0.0380000000000109,1.55263157894611,2.62012633811537e-14,8.5956189244519e-15,3.33066907387547e-15,3.24007487506606e-12,1.4432899320127e-15,3.24007487506606e-12,1.68256519827992e-11,"monotone_grouped_weighted",0.0660000000000309,0.00300000000004275,0.0569999999999835,0.0379999999999776,1,1,0.125,0.0410000000000537,3.04878048780089,0.007000000000005,0.0010000000000332,0.007000000000005,0,0.007000000000005,0,0.007000000000005,0.000999999999976353
188,4,600,9,10,0.0459999999999923,0.0269999999999868,1.70370370370425,9.76996261670138e-15,2.26351556347033e-15,1.11022302462516e-15,7.0770056481706e-12,9.99200722162641e-16,3.66640051652212e-12,4.71800376544707e-12,"intermittent_ungrouped_unweighted",0.0190000000000055,0.00300000000004275,0.0469999999999917,0.0269999999999868,1,1,0.0649999999999977,0.0300000000000296,2.16666666666446,0.0029999999999859,0.0010000000000332,0.00200000000000955,0,0.0029999999999859,0.000999999999976353,0.00200000000000955,0.000999999999976353
188,4,600,9,10,0.0530000000000541,0.035000000000025,1.51428571428618,5.77315972805081e-15,1.77201540734102e-15,8.88178419700125e-16,2.02078354050172e-11,2.22044604925031e-15,2.92743607133161e-12,5.17843545821961e-11,"intermittent_ungrouped_weighted",0.0190000000000055,0.0029999999999859,0.0529999999999973,0.0339999999999918,1,1,0.0720000000000596,0.0380000000000109,1.89473684210629,0.00200000000000955,0,0.00200000000000955,0.0010000000000332,0.00199999999995271,0,0.00200000000000955,0.000999999999976353
188,4,600,9,20,0.05499999999995,0.0360000000000014,1.52777777777633,3.28626015289046e-14,1.52087697114875e-14,7.54951656745106e-15,7.8301809480763e-12,2.33146835171283e-15,8.38440428196918e-13,4.14956957683899e-12,"intermittent_grouped_unweighted",0.0670000000000073,0.0040000000000191,0.0550000000000068,0.0360000000000014,1,1,0.121999999999957,0.0400000000000205,3.04999999999737,0.00900000000001455,0,0.007000000000005,0.000999999999976353,0.00699999999994816,0.000999999999976353,0.007000000000005,0.000999999999976353
188,4,600,9,20,0.0600000000000023,0.0400000000000205,1.49999999999929,7.99360577730113e-15,2.28551492005878e-15,1.11022302462516e-15,7.58859641791787e-12,1.33226762955019e-15,3.38218342221808e-12,1.85309545486234e-11,"intermittent_grouped_weighted",0.0649999999999977,0.0029999999999859,0.0600000000000023,0.0399999999999636,1,1,0.125,0.0430000000000064,2.90697674418562,0.007000000000005,0.000999999999976353,0.007000000000005,0,0.007000000000005,0,0.007000000000005,0
197,4,800,9,10,0.0690000000000168,0.0480000000000018,1.4375000000003,7.27595761418343e-11,1.34637781830539e-15,6.66133814775094e-16,3.34807737090159e-10,2.73114864057789e-14,3.18323145620525e-12,1.11833742266754e-09,"scaled_design",0.0169999999999959,0.0029999999999859,0.0679999999999836,0.0470000000000255,1,1,0.0860000000000127,0.0509999999999877,1.68627450980458,0.00199999999995271,0.000999999999976353,0.0029999999999859,0,0.0029999999999859,0,0.00200000000000955,0.000999999999976353
197,4,800,10,20,0.089999999999975,0.0629999999999882,1.4285714285713,1.81010985089713e-08,8.96263271748618e-10,2.38682407172064e-11,3.78269476186688e-07,4.3809955663221e-11,1.34757243586137e-07,8.28574115985248e-08,"collinear_design",0.0749999999999886,0.0040000000000191,0.0899999999999981,0.0629999999999553,1,1,0.164999999999964,0.0670000000000073,2.46268656716337,0.007000000000005,0,0.007000000000005,0,0.007000000000005,0.000999999999976353,0.007000000000005,0
197,4,800,10,20,0.0900000000000318,0.0659999999999741,1.36363636363738,1.7094726258365,3.84915556138381e-05,4.50447581279434e-06,0.00391501568736885,1.05336844691273e-06,0.00196212899720649,9.8728539427384e-05,"extreme_design",0.0790000000000077,0.0040000000000191,0.0910000000000313,0.0659999999999976,1,1,0.16900000000004,0.0699999999999932,2.41428571428651,0.007000000000005,0,0.007000000000005,0.000999999999976353,0.00799999999998136,0.000999999999976353,0.007000000000005,0.000999999999976353
197,4,800,8,10,0.0449999999999591,0.0270000000000437,1.66666666666246,3.63797880709171e-12,1.52991467110495e-15,7.7715611723761e-16,2.49690401687985e-09,2.51909604287448e-13,1.73372427525464e-12,4.27951363235479e-09,"residual_scales",0.0160000000000196,0.0029999999999859,0.0449999999999591,0.0269999999999868,1,1,0.0609999999999786,0.0300000000000296,2.03333333333062,0.00200000000000955,0.000999999999976353,0.00200000000000955,0.000999999999976353,0.00200000000000955,0,0.00200000000000955,0.000999999999976353
